コード,銘柄名,市場・商品区分,33業種コード,33業種区分,17業種コード,17業種区分
1400,ルーデン・ホールディングス,グロース（内国株式）,2050,建設業,3,建設・資材 
1401,エムビーエス,グロース（内国株式）,2050,建設業,3,建設・資材 
1431,Ｌｉｂ　Ｗｏｒｋ,グロース（内国株式）,2050,建設業,3,建設・資材 
1436,フィット,グロース（内国株式）,2050,建設業,3,建設・資材 
1447,ＩＴｂｏｏｋホールディングス,グロース（内国株式）,2050,建設業,3,建設・資材 
1739,メルディアＤＣ,グロース（内国株式）,2050,建設業,3,建設・資材 
2150,ケアネット,グロース（内国株式）,9050,サービス業,10,情報通信・サービスその他 
2158,ＦＲＯＮＴＥＯ,グロース（内国株式）,9050,サービス業,10,情報通信・サービスその他 
2160,ジーエヌアイグループ,グロース（内国株式）,3250,医薬品,5,医薬品 
2164,地域新聞社,グロース（内国株式）,9050,サービス業,10,情報通信・サービスその他 
2173,博展,グロース（内国株式）,9050,サービス業,10,情報通信・サービスその他 
2178,トライステージ,グロース（内国株式）,9050,サービス業,10,情報通信・サービスその他 
2195,アミタホールディングス,グロース（内国株式）,9050,サービス業,10,情報通信・サービスその他 
2321,ソフトフロントホールディングス,グロース（内国株式）,5250,情報・通信業,10,情報通信・サービスその他 
2334,イオレ,グロース（内国株式）,9050,サービス業,10,情報通信・サービスその他 
2342,トランスジェニック,グロース（内国株式）,9050,サービス業,10,情報通信・サービスその他 
2351,ＡＳＪ,グロース（内国株式）,5250,情報・通信業,10,情報通信・サービスその他 
2370,メディネット,グロース（内国株式）,9050,サービス業,10,情報通信・サービスその他 
2385,総医研ホールディングス,グロース（内国株式）,9050,サービス業,10,情報通信・サービスその他 
2388,ウェッジホールディングス,グロース（内国株式）,7200,その他金融業,16,金融（除く銀行） 
2402,アマナ,グロース（内国株式）,9050,サービス業,10,情報通信・サービスその他 
2438,アスカネット,グロース（内国株式）,9050,サービス業,10,情報通信・サービスその他 
2479,ジェイテック,グロース（内国株式）,9050,サービス業,10,情報通信・サービスその他 
2497,ユナイテッド,グロース（内国株式）,9050,サービス業,10,情報通信・サービスその他 
2586,フルッタフルッタ,グロース（内国株式）,3050,食料品,1,食品 
2934,ジェイフロンティア,グロース（内国株式）,3050,食料品,1,食品 
2978,ツクルバ,グロース（内国株式）,8050,不動産業,17,不動産 
2981,ランディックス,グロース（内国株式）,8050,不動産業,17,不動産 
2983,アールプランナー,グロース（内国株式）,8050,不動産業,17,不動産 
2986,ＬＡホールディングス,グロース（内国株式）,8050,不動産業,17,不動産 
2987,タスキ,グロース（内国株式）,8050,不動産業,17,不動産 
2997,ストレージ王,グロース（内国株式）,8050,不動産業,17,不動産 
2998,クリアル,グロース（内国株式）,8050,不動産業,17,不動産 
3042,セキュアヴェイル,グロース（内国株式）,5250,情報・通信業,10,情報通信・サービスその他 
3063,ジェイグループホールディングス,グロース（内国株式）,6100,小売業,14,小売 
3070,アマガサ,グロース（内国株式）,6050,卸売業,13,商社・卸売 
3133,海帆,グロース（内国株式）,6100,小売業,14,小売 
3137,ファンデリー,グロース（内国株式）,6100,小売業,14,小売 
3138,富士山マガジンサービス,グロース（内国株式）,6100,小売業,14,小売 
3140,ＢＲＵＮＯ,グロース（内国株式）,6050,卸売業,13,商社・卸売 
3185,夢展望,グロース（内国株式）,6100,小売業,14,小売 
3187,サンワカンパニー,グロース（内国株式）,6100,小売業,14,小売 
3195,ジェネレーションパス,グロース（内国株式）,6100,小売業,14,小売 
3224,ゼネラル・オイスター,グロース（内国株式）,6100,小売業,14,小売 
3237,イントランス,グロース（内国株式）,8050,不動産業,17,不動産 
3261,グランディーズ,グロース（内国株式）,8050,不動産業,17,不動産 
3286,トラストホールディングス,グロース（内国株式）,8050,不動産業,17,不動産 
3300,アンビション　ＤＸ　ホールディングス,グロース（内国株式）,8050,不動産業,17,不動産 
3359,ｃｏｔｔａ,グロース（内国株式）,6050,卸売業,13,商社・卸売 
3416,ピクスタ,グロース（内国株式）,6100,小売業,14,小売 
3418,バルニバービ,グロース（内国株式）,6100,小売業,14,小売 
3461,パルマ,グロース（内国株式）,8050,不動産業,17,不動産 
3474,Ｇ−ＦＡＣＴＯＲＹ,グロース（内国株式）,8050,不動産業,17,不動産 
3477,フォーライフ,グロース（内国株式）,8050,不動産業,17,不動産 
3479,ティーケーピー,グロース（内国株式）,8050,不動産業,17,不動産 
3491,ＧＡ　ｔｅｃｈｎｏｌｏｇｉｅｓ,グロース（内国株式）,8050,不動産業,17,不動産 
3496,アズーム,グロース（内国株式）,8050,不動産業,17,不動産 
3497,ＬｅＴｅｃｈ,グロース（内国株式）,8050,不動産業,17,不動産 
3498,霞ヶ関キャピタル,グロース（内国株式）,8050,不動産業,17,不動産 
3541,農業総合研究所,グロース（内国株式）,6050,卸売業,13,商社・卸売 
3542,ベガコーポレーション,グロース（内国株式）,6100,小売業,14,小売 
3550,スタジオアタオ,グロース（内国株式）,6100,小売業,14,小売 
3556,リネットジャパングループ,グロース（内国株式）,6100,小売業,14,小売 
3557,ユナイテッド＆コレクティブ,グロース（内国株式）,6100,小売業,14,小売 
3558,ロコンド,グロース（内国株式）,6100,小売業,14,小売 
3566,ユニフォームネクスト,グロース（内国株式）,6100,小売業,14,小売 
3622,ネットイヤーグループ,グロース（内国株式）,5250,情報・通信業,10,情報通信・サービスその他 
3623,ビリングシステム,グロース（内国株式）,5250,情報・通信業,10,情報通信・サービスその他 
3624,アクセルマーク,グロース（内国株式）,5250,情報・通信業,10,情報通信・サービスその他 
3625,テックファームホールディングス,グロース（内国株式）,5250,情報・通信業,10,情報通信・サービスその他 
3628,データホライゾン,グロース（内国株式）,5250,情報・通信業,10,情報通信・サービスその他 
3645,メディカルネット,グロース（内国株式）,5250,情報・通信業,10,情報通信・サービスその他 
3646,駅探,グロース（内国株式）,5250,情報・通信業,10,情報通信・サービスその他 
3652,ディジタルメディアプロフェッショナル,グロース（内国株式）,5250,情報・通信業,10,情報通信・サービスその他 
3653,モルフォ,グロース（内国株式）,5250,情報・通信業,10,情報通信・サービスその他 
3664,モブキャストホールディングス,グロース（内国株式）,5250,情報・通信業,10,情報通信・サービスその他 
3671,ソフトマックス,グロース（内国株式）,5250,情報・通信業,10,情報通信・サービスその他 
3674,オークファン,グロース（内国株式）,5250,情報・通信業,10,情報通信・サービスその他 
3680,ホットリンク,グロース（内国株式）,5250,情報・通信業,10,情報通信・サービスその他 
3690,イルグルム,グロース（内国株式）,5250,情報・通信業,10,情報通信・サービスその他 
3691,デジタルプラス,グロース（内国株式）,5250,情報・通信業,10,情報通信・サービスその他 
3692,ＦＦＲＩセキュリティ,グロース（内国株式）,5250,情報・通信業,10,情報通信・サービスその他 
3695,ＧＭＯリサーチ,グロース（内国株式）,5250,情報・通信業,10,情報通信・サービスその他 
3698,ＣＲＩ・ミドルウェア,グロース（内国株式）,5250,情報・通信業,10,情報通信・サービスその他 
3723,日本ファルコム,グロース（内国株式）,5250,情報・通信業,10,情報通信・サービスその他 
3727,アプリックス,グロース（内国株式）,5250,情報・通信業,10,情報通信・サービスその他 
3773,アドバンスト・メディア,グロース（内国株式）,5250,情報・通信業,10,情報通信・サービスその他 
3777,ＦＨＴホールディングス,グロース（内国株式）,5250,情報・通信業,10,情報通信・サービスその他 
3782,ディー・ディー・エス,グロース（内国株式）,5250,情報・通信業,10,情報通信・サービスその他 
3793,ドリコム,グロース（内国株式）,5250,情報・通信業,10,情報通信・サービスその他 
3803,イメージ情報開発,グロース（内国株式）,5250,情報・通信業,10,情報通信・サービスその他 
3807,フィスコ,グロース（内国株式）,5250,情報・通信業,10,情報通信・サービスその他 
3814,アルファクス・フード・システム,グロース（内国株式）,5250,情報・通信業,10,情報通信・サービスその他 
3815,メディア工房,グロース（内国株式）,5250,情報・通信業,10,情報通信・サービスその他 
3842,ネクストジェン,グロース（内国株式）,5250,情報・通信業,10,情報通信・サービスその他 
3900,クラウドワークス,グロース（内国株式）,5250,情報・通信業,10,情報通信・サービスその他 
3904,カヤック,グロース（内国株式）,5250,情報・通信業,10,情報通信・サービスその他 
3905,データセクション,グロース（内国株式）,5250,情報・通信業,10,情報通信・サービスその他 
3906,ＡＬＢＥＲＴ,グロース（内国株式）,5250,情報・通信業,10,情報通信・サービスその他 
3907,シリコンスタジオ,グロース（内国株式）,5250,情報・通信業,10,情報通信・サービスその他 
3908,コラボス,グロース（内国株式）,5250,情報・通信業,10,情報通信・サービスその他 
3911,Ａｉｍｉｎｇ,グロース（内国株式）,5250,情報・通信業,10,情報通信・サービスその他 
3913,ｓＭｅｄｉｏ,グロース（内国株式）,5250,情報・通信業,10,情報通信・サービスその他 
3914,ＪＩＧ−ＳＡＷ,グロース（内国株式）,5250,情報・通信業,10,情報通信・サービスその他 
3917,アイリッジ,グロース（内国株式）,5250,情報・通信業,10,情報通信・サービスその他 
3927,フーバーブレイン,グロース（内国株式）,5250,情報・通信業,10,情報通信・サービスその他 
3929,ソーシャルワイヤー,グロース（内国株式）,5250,情報・通信業,10,情報通信・サービスその他 
3930,はてな,グロース（内国株式）,5250,情報・通信業,10,情報通信・サービスその他 
3931,バリューゴルフ,グロース（内国株式）,5250,情報・通信業,10,情報通信・サービスその他 
3935,エディア,グロース（内国株式）,5250,情報・通信業,10,情報通信・サービスその他 
3936,グローバルウェイ,グロース（内国株式）,5250,情報・通信業,10,情報通信・サービスその他 
3961,シルバーエッグ・テクノロジー,グロース（内国株式）,5250,情報・通信業,10,情報通信・サービスその他 
3966,ユーザベース,グロース（内国株式）,5250,情報・通信業,10,情報通信・サービスその他 
3967,エルテス,グロース（内国株式）,5250,情報・通信業,10,情報通信・サービスその他 
3970,イノベーション,グロース（内国株式）,5250,情報・通信業,10,情報通信・サービスその他 
3976,シャノン,グロース（内国株式）,5250,情報・通信業,10,情報通信・サービスその他 
3979,うるる,グロース（内国株式）,5250,情報・通信業,10,情報通信・サービスその他 
3986,ビーブレイクシステムズ,グロース（内国株式）,5250,情報・通信業,10,情報通信・サービスその他 
3987,エコモット,グロース（内国株式）,5250,情報・通信業,10,情報通信・サービスその他 
3989,シェアリングテクノロジー,グロース（内国株式）,5250,情報・通信業,10,情報通信・サービスその他 
3990,ＵＵＵＭ,グロース（内国株式）,5250,情報・通信業,10,情報通信・サービスその他 
3991,ウォンテッドリー,グロース（内国株式）,5250,情報・通信業,10,情報通信・サービスその他 
3993,ＰＫＳＨＡ　Ｔｅｃｈｎｏｌｏｇｙ,グロース（内国株式）,5250,情報・通信業,10,情報通信・サービスその他 
3995,ＳＫＩＹＡＫＩ,グロース（内国株式）,5250,情報・通信業,10,情報通信・サービスその他 
3998,すららネット,グロース（内国株式）,5250,情報・通信業,10,情報通信・サービスその他 
3999,ナレッジスイート,グロース（内国株式）,5250,情報・通信業,10,情報通信・サービスその他 
4011,ヘッドウォータース,グロース（内国株式）,5250,情報・通信業,10,情報通信・サービスその他 
4012,アクシス,グロース（内国株式）,5250,情報・通信業,10,情報通信・サービスその他 
4013,勤次郎,グロース（内国株式）,5250,情報・通信業,10,情報通信・サービスその他 
4014,カラダノート,グロース（内国株式）,5250,情報・通信業,10,情報通信・サービスその他 
4015,アララ,グロース（内国株式）,5250,情報・通信業,10,情報通信・サービスその他 
4017,クリーマ,グロース（内国株式）,5250,情報・通信業,10,情報通信・サービスその他 
4019,スタメン,グロース（内国株式）,5250,情報・通信業,10,情報通信・サービスその他 
4020,ビートレンド,グロース（内国株式）,5250,情報・通信業,10,情報通信・サービスその他 
4051,ＧＭＯフィナンシャルゲート,グロース（内国株式）,5250,情報・通信業,10,情報通信・サービスその他 
4052,フィーチャ,グロース（内国株式）,5250,情報・通信業,10,情報通信・サービスその他 
4053,Ｓｕｎ　Ａｓｔｅｒｉｓｋ,グロース（内国株式）,5250,情報・通信業,10,情報通信・サービスその他 
4054,日本情報クリエイト,グロース（内国株式）,5250,情報・通信業,10,情報通信・サービスその他 
4055,ティアンドエス,グロース（内国株式）,5250,情報・通信業,10,情報通信・サービスその他 
4056,ニューラルポケット,グロース（内国株式）,5250,情報・通信業,10,情報通信・サービスその他 
4057,インターファクトリー,グロース（内国株式）,5250,情報・通信業,10,情報通信・サービスその他 
4058,トヨクモ,グロース（内国株式）,5250,情報・通信業,10,情報通信・サービスその他 
4060,ｒａｋｕｍｏ,グロース（内国株式）,5250,情報・通信業,10,情報通信・サービスその他 
4068,ベイシス,グロース（内国株式）,5250,情報・通信業,10,情報通信・サービスその他 
4069,ＢｌｕｅＭｅｍｅ,グロース（内国株式）,5250,情報・通信業,10,情報通信・サービスその他 
4071,プラスアルファ・コンサルティング,グロース（内国株式）,5250,情報・通信業,10,情報通信・サービスその他 
4073,ジィ・シィ企画,グロース（内国株式）,5250,情報・通信業,10,情報通信・サービスその他 
4074,ラキール,グロース（内国株式）,5250,情報・通信業,10,情報通信・サービスその他 
4075,ブレインズテクノロジー,グロース（内国株式）,5250,情報・通信業,10,情報通信・サービスその他 
4076,シイエヌエス,グロース（内国株式）,5250,情報・通信業,10,情報通信・サービスその他 
4165,プレイド,グロース（内国株式）,5250,情報・通信業,10,情報通信・サービスその他 
4166,かっこ,グロース（内国株式）,5250,情報・通信業,10,情報通信・サービスその他 
4167,ココペリ,グロース（内国株式）,5250,情報・通信業,10,情報通信・サービスその他 
4168,ヤプリ,グロース（内国株式）,5250,情報・通信業,10,情報通信・サービスその他 
4169,ＥＮＥＣＨＡＮＧＥ,グロース（内国株式）,5250,情報・通信業,10,情報通信・サービスその他 
4170,Ｋａｉｚｅｎ　Ｐｌａｔｆｏｒｍ,グロース（内国株式）,5250,情報・通信業,10,情報通信・サービスその他 
4173,ＷＡＣＵＬ,グロース（内国株式）,5250,情報・通信業,10,情報通信・サービスその他 
4175,ｃｏｌｙ,グロース（内国株式）,5250,情報・通信業,10,情報通信・サービスその他 
4176,ココナラ,グロース（内国株式）,5250,情報・通信業,10,情報通信・サービスその他 
4177,ｉ‐ｐｌｕｇ,グロース（内国株式）,5250,情報・通信業,10,情報通信・サービスその他 
4178,Ｓｈａｒｉｎｇ　Ｉｎｎｏｖａｔｉｏｎｓ,グロース（内国株式）,5250,情報・通信業,10,情報通信・サービスその他 
4179,ジーネクスト,グロース（内国株式）,5250,情報・通信業,10,情報通信・サービスその他 
4180,Ａｐｐｉｅｒ　Ｇｒｏｕｐ,グロース（内国株式）,5250,情報・通信業,10,情報通信・サービスその他 
4192,スパイダープラス,グロース（内国株式）,5250,情報・通信業,10,情報通信・サービスその他 
4194,ビジョナル,グロース（内国株式）,5250,情報・通信業,10,情報通信・サービスその他 
4199,ワンダープラネット,グロース（内国株式）,5250,情報・通信業,10,情報通信・サービスその他 
4240,クラスターテクノロジー,グロース（内国株式）,3200,化学,4,素材・化学 
4255,ＴＨＥＣＯＯ,グロース（内国株式）,5250,情報・通信業,10,情報通信・サービスその他 
4256,サインド,グロース（内国株式）,5250,情報・通信業,10,情報通信・サービスその他 
4258,網屋,グロース（内国株式）,5250,情報・通信業,10,情報通信・サービスその他 
4259,エクサウィザーズ,グロース（内国株式）,5250,情報・通信業,10,情報通信・サービスその他 
4260,ハイブリッドテクノロジーズ,グロース（内国株式）,5250,情報・通信業,10,情報通信・サービスその他 
4261,アジアクエスト,グロース（内国株式）,5250,情報・通信業,10,情報通信・サービスその他 
4262,ニフティライフスタイル,グロース（内国株式）,5250,情報・通信業,10,情報通信・サービスその他 
4263,サスメド,グロース（内国株式）,5250,情報・通信業,10,情報通信・サービスその他 
4264,セキュア,グロース（内国株式）,5250,情報・通信業,10,情報通信・サービスその他 
4265,Ｉｎｓｔｉｔｕｔｉｏｎ　ｆｏｒ　ａ　Ｇｌｏｂａｌ　Ｓｏｃｉｅｔｙ,グロース（内国株式）,5250,情報・通信業,10,情報通信・サービスその他 
4267,ライトワークス,グロース（内国株式）,5250,情報・通信業,10,情報通信・サービスその他 
4268,エッジテクノロジー,グロース（内国株式）,5250,情報・通信業,10,情報通信・サービスその他 
4270,ＢｅｅＸ,グロース（内国株式）,5250,情報・通信業,10,情報通信・サービスその他 
4308,Ｊストリーム,グロース（内国株式）,5250,情報・通信業,10,情報通信・サービスその他 
4316,ビーマップ,グロース（内国株式）,5250,情報・通信業,10,情報通信・サービスその他 
4370,モビルス,グロース（内国株式）,5250,情報・通信業,10,情報通信・サービスその他 
4371,コアコンセプト・テクノロジー,グロース（内国株式）,5250,情報・通信業,10,情報通信・サービスその他 
4372,ユミルリンク,グロース（内国株式）,5250,情報・通信業,10,情報通信・サービスその他 
4374,ＲＯＢＯＴ　ＰＡＹＭＥＮＴ,グロース（内国株式）,5250,情報・通信業,10,情報通信・サービスその他 
4375,セーフィー,グロース（内国株式）,5250,情報・通信業,10,情報通信・サービスその他 
4376,くふうカンパニー,グロース（内国株式）,5250,情報・通信業,10,情報通信・サービスその他 
4377,ワンキャリア,グロース（内国株式）,5250,情報・通信業,10,情報通信・サービスその他 
4378,ＣＩＮＣ,グロース（内国株式）,5250,情報・通信業,10,情報通信・サービスその他 
4379,Ｐｈｏｔｏｓｙｎｔｈ,グロース（内国株式）,5250,情報・通信業,10,情報通信・サービスその他 
4380,Ｍマート,グロース（内国株式）,5250,情報・通信業,10,情報通信・サービスその他 
4381,ビープラッツ,グロース（内国株式）,5250,情報・通信業,10,情報通信・サービスその他 
4387,ＺＵＵ,グロース（内国株式）,5250,情報・通信業,10,情報通信・サービスその他 
4388,エーアイ,グロース（内国株式）,5250,情報・通信業,10,情報通信・サービスその他 
4389,プロパティデータバンク,グロース（内国株式）,5250,情報・通信業,10,情報通信・サービスその他 
4391,ロジザード,グロース（内国株式）,5250,情報・通信業,10,情報通信・サービスその他 
4393,バンク・オブ・イノベーション,グロース（内国株式）,5250,情報・通信業,10,情報通信・サービスその他 
4394,エクスモーション,グロース（内国株式）,5250,情報・通信業,10,情報通信・サービスその他 
4395,アクリート,グロース（内国株式）,5250,情報・通信業,10,情報通信・サービスその他 
4397,チームスピリット,グロース（内国株式）,5250,情報・通信業,10,情報通信・サービスその他 
4412,サイエンスアーツ,グロース（内国株式）,5250,情報・通信業,10,情報通信・サービスその他 
4413,ボードルア,グロース（内国株式）,5250,情報・通信業,10,情報通信・サービスその他 
4414,フレクト,グロース（内国株式）,5250,情報・通信業,10,情報通信・サービスその他 
4415,ブロードエンタープライズ,グロース（内国株式）,5250,情報・通信業,10,情報通信・サービスその他 
4416,Ｔｒｕｅ　Ｄａｔａ,グロース（内国株式）,5250,情報・通信業,10,情報通信・サービスその他 
4417,グローバルセキュリティエキスパート,グロース（内国株式）,5250,情報・通信業,10,情報通信・サービスその他 
4418,ＪＤＳＣ,グロース（内国株式）,5250,情報・通信業,10,情報通信・サービスその他 
4419,Ｆｉｎａｔｅｘｔホールディングス,グロース（内国株式）,5250,情報・通信業,10,情報通信・サービスその他 
4422,ＶＡＬＵＥＮＥＸ,グロース（内国株式）,5250,情報・通信業,10,情報通信・サービスその他 
4424,Ａｍａｚｉａ,グロース（内国株式）,5250,情報・通信業,10,情報通信・サービスその他 
4425,Ｋｕｄａｎ,グロース（内国株式）,5250,情報・通信業,10,情報通信・サービスその他 
4427,ＥｄｕＬａｂ,グロース（内国株式）,5250,情報・通信業,10,情報通信・サービスその他 
4428,シノプス,グロース（内国株式）,5250,情報・通信業,10,情報通信・サービスその他 
4429,リックソフト,グロース（内国株式）,5250,情報・通信業,10,情報通信・サービスその他 
4431,スマレジ,グロース（内国株式）,5250,情報・通信業,10,情報通信・サービスその他 
4435,カオナビ,グロース（内国株式）,5250,情報・通信業,10,情報通信・サービスその他 
4436,ミンカブ・ジ・インフォノイド,グロース（内国株式）,5250,情報・通信業,10,情報通信・サービスその他 
4437,ｇｏｏｄｄａｙｓホールディングス,グロース（内国株式）,5250,情報・通信業,10,情報通信・サービスその他 
4438,Ｗｅｌｂｙ,グロース（内国株式）,5250,情報・通信業,10,情報通信・サービスその他 
4442,バルテス,グロース（内国株式）,5250,情報・通信業,10,情報通信・サービスその他 
4444,インフォネット,グロース（内国株式）,5250,情報・通信業,10,情報通信・サービスその他 
4445,リビン・テクノロジーズ,グロース（内国株式）,5250,情報・通信業,10,情報通信・サービスその他 
4448,Ｃｈａｔｗｏｒｋ,グロース（内国株式）,5250,情報・通信業,10,情報通信・サービスその他 
4450,パワーソリューションズ,グロース（内国株式）,5250,情報・通信業,10,情報通信・サービスその他 
4475,ＨＥＮＮＧＥ,グロース（内国株式）,5250,情報・通信業,10,情報通信・サービスその他 
4476,ＡＩ　ＣＲＯＳＳ,グロース（内国株式）,5250,情報・通信業,10,情報通信・サービスその他 
4477,ＢＡＳＥ,グロース（内国株式）,5250,情報・通信業,10,情報通信・サービスその他 
4478,フリー,グロース（内国株式）,5250,情報・通信業,10,情報通信・サービスその他 
4479,マクアケ,グロース（内国株式）,5250,情報・通信業,10,情報通信・サービスその他 
4480,メドレー,グロース（内国株式）,5250,情報・通信業,10,情報通信・サービスその他 
4482,ウィルズ,グロース（内国株式）,5250,情報・通信業,10,情報通信・サービスその他 
4484,ランサーズ,グロース（内国株式）,5250,情報・通信業,10,情報通信・サービスその他 
4485,ＪＴＯＷＥＲ,グロース（内国株式）,5250,情報・通信業,10,情報通信・サービスその他 
4486,ユナイトアンドグロウ,グロース（内国株式）,5250,情報・通信業,10,情報通信・サービスその他 
4487,スペースマーケット,グロース（内国株式）,5250,情報・通信業,10,情報通信・サービスその他 
4488,ＡＩ　ｉｎｓｉｄｅ,グロース（内国株式）,5250,情報・通信業,10,情報通信・サービスその他 
4489,ペイロール,グロース（内国株式）,5250,情報・通信業,10,情報通信・サービスその他 
4490,ビザスク,グロース（内国株式）,5250,情報・通信業,10,情報通信・サービスその他 
4493,サイバーセキュリティクラウド,グロース（内国株式）,5250,情報・通信業,10,情報通信・サービスその他 
4495,アイキューブドシステムズ,グロース（内国株式）,5250,情報・通信業,10,情報通信・サービスその他 
4496,コマースＯｎｅホールディングス,グロース（内国株式）,5250,情報・通信業,10,情報通信・サービスその他 
4498,サイバートラスト,グロース（内国株式）,5250,情報・通信業,10,情報通信・サービスその他 
4563,アンジェス,グロース（内国株式）,3250,医薬品,5,医薬品 
4564,オンコセラピー・サイエンス,グロース（内国株式）,3250,医薬品,5,医薬品 
4565,そーせいグループ,グロース（内国株式）,3250,医薬品,5,医薬品 
4570,免疫生物研究所,グロース（内国株式）,3250,医薬品,5,医薬品 
4571,ナノキャリア,グロース（内国株式）,3250,医薬品,5,医薬品 
4572,カルナバイオサイエンス,グロース（内国株式）,3250,医薬品,5,医薬品 
4575,キャンバス,グロース（内国株式）,3250,医薬品,5,医薬品 
4576,デ・ウエスタン・セラピテクス研究所,グロース（内国株式）,3250,医薬品,5,医薬品 
4579,ラクオリア創薬,グロース（内国株式）,3250,医薬品,5,医薬品 
4582,シンバイオ製薬,グロース（内国株式）,3250,医薬品,5,医薬品 
4583,カイオム・バイオサイエンス,グロース（内国株式）,3250,医薬品,5,医薬品 
4584,キッズウェル・バイオ,グロース（内国株式）,3250,医薬品,5,医薬品 
4586,メドレックス,グロース（内国株式）,3250,医薬品,5,医薬品 
4588,オンコリスバイオファーマ,グロース（内国株式）,3250,医薬品,5,医薬品 
4591,リボミック,グロース（内国株式）,3250,医薬品,5,医薬品 
4592,サンバイオ,グロース（内国株式）,3250,医薬品,5,医薬品 
4593,ヘリオス,グロース（内国株式）,3250,医薬品,5,医薬品 
4594,ブライトパス・バイオ,グロース（内国株式）,3250,医薬品,5,医薬品 
4596,窪田製薬ホールディングス,グロース（内国株式）,3250,医薬品,5,医薬品 
4597,ソレイジア・ファーマ,グロース（内国株式）,3250,医薬品,5,医薬品 
4598,Ｄｅｌｔａ−Ｆｌｙ　Ｐｈａｒｍａ,グロース（内国株式）,3250,医薬品,5,医薬品 
4599,ステムリム,グロース（内国株式）,3250,医薬品,5,医薬品 
4772,ストリームメディアコーポレーション,グロース（内国株式）,5250,情報・通信業,10,情報通信・サービスその他 
4824,メディアシーク,グロース（内国株式）,5250,情報・通信業,10,情報通信・サービスその他 
4833,Ｓｕｃｃｅｓｓ　Ｈｏｌｄｅｒｓ,グロース（内国株式）,9050,サービス業,10,情報通信・サービスその他 
4840,トライアイズ,グロース（内国株式）,9050,サービス業,10,情報通信・サービスその他 
4880,セルソース,グロース（内国株式）,3250,医薬品,5,医薬品 
4881,ファンペップ,グロース（内国株式）,3250,医薬品,5,医薬品 
4882,ペルセウスプロテオミクス,グロース（内国株式）,3250,医薬品,5,医薬品 
4883,モダリス,グロース（内国株式）,3250,医薬品,5,医薬品 
4884,クリングルファーマ,グロース（内国株式）,3250,医薬品,5,医薬品 
4888,ステラファーマ,グロース（内国株式）,3250,医薬品,5,医薬品 
4889,レナサイエンス,グロース（内国株式）,3250,医薬品,5,医薬品 
4890,坪田ラボ,グロース（内国株式）,3250,医薬品,5,医薬品 
4933,Ｉ−ｎｅ,グロース（内国株式）,3200,化学,4,素材・化学 
4934,プレミアアンチエイジング,グロース（内国株式）,3200,化学,4,素材・化学 
4936,アクシージア,グロース（内国株式）,3200,化学,4,素材・化学 
4937,Ｗａｑｏｏ,グロース（内国株式）,3200,化学,4,素材・化学 
4978,リプロセル,グロース（内国株式）,3200,化学,4,素材・化学 
5025,マーキュリーリアルテックイノベーター,グロース（内国株式）,5250,情報・通信業,10,情報通信・サービスその他 
5026,トリプルアイズ,グロース（内国株式）,5250,情報・通信業,10,情報通信・サービスその他 
5028,セカンドサイトアナリティカ,グロース（内国株式）,5250,情報・通信業,10,情報通信・サービスその他 
5029,サークレイス,グロース（内国株式）,5250,情報・通信業,10,情報通信・サービスその他 
5031,モイ,グロース（内国株式）,5250,情報・通信業,10,情報通信・サービスその他 
5032,ＡＮＹＣＯＬＯＲ,グロース（内国株式）,5250,情報・通信業,10,情報通信・サービスその他 
5033,ヌーラボ,グロース（内国株式）,5250,情報・通信業,10,情報通信・サービスその他 
5070,ドラフト,グロース（内国株式）,2050,建設業,3,建設・資材 
5704,ＪＭＣ,グロース（内国株式）,3500,非鉄金属,7,鉄鋼・非鉄 
5759,日本電解,グロース（内国株式）,3500,非鉄金属,7,鉄鋼・非鉄 
6026,ＧＭＯ　ＴＥＣＨ,グロース（内国株式）,9050,サービス業,10,情報通信・サービスその他 
6027,弁護士ドットコム,グロース（内国株式）,9050,サービス業,10,情報通信・サービスその他 
6030,アドベンチャー,グロース（内国株式）,9050,サービス業,10,情報通信・サービスその他 
6031,サイジニア,グロース（内国株式）,9050,サービス業,10,情報通信・サービスその他 
6033,エクストリーム,グロース（内国株式）,9050,サービス業,10,情報通信・サービスその他 
6034,ＭＲＴ,グロース（内国株式）,9050,サービス業,10,情報通信・サービスその他 
6038,イード,グロース（内国株式）,9050,サービス業,10,情報通信・サービスその他 
6039,日本動物高度医療センター,グロース（内国株式）,9050,サービス業,10,情報通信・サービスその他 
6040,日本スキー場開発,グロース（内国株式）,9050,サービス業,10,情報通信・サービスその他 
6045,レントラックス,グロース（内国株式）,9050,サービス業,10,情報通信・サービスその他 
6046,リンクバル,グロース（内国株式）,9050,サービス業,10,情報通信・サービスその他 
6049,イトクロ,グロース（内国株式）,9050,サービス業,10,情報通信・サービスその他 
6067,インパクトホールディングス,グロース（内国株式）,9050,サービス業,10,情報通信・サービスその他 
6069,トレンダーズ,グロース（内国株式）,9050,サービス業,10,情報通信・サービスその他 
6072,地盤ネットホールディングス,グロース（内国株式）,9050,サービス業,10,情報通信・サービスその他 
6081,アライドアーキテクツ,グロース（内国株式）,9050,サービス業,10,情報通信・サービスその他 
6085,アーキテクツ・スタジオ・ジャパン,グロース（内国株式）,9050,サービス業,10,情報通信・サービスその他 
6086,シンメンテホールディングス,グロース（内国株式）,9050,サービス業,10,情報通信・サービスその他 
6090,ヒューマン・メタボローム・テクノロジーズ,グロース（内国株式）,9050,サービス業,10,情報通信・サービスその他 
6092,エンバイオ・ホールディングス,グロース（内国株式）,9050,サービス業,10,情報通信・サービスその他 
6094,フリークアウト・ホールディングス,グロース（内国株式）,9050,サービス業,10,情報通信・サービスその他 
6166,中村超硬,グロース（内国株式）,3600,機械,8,機械 
6172,メタップス,グロース（内国株式）,9050,サービス業,10,情報通信・サービスその他 
6173,アクアライン,グロース（内国株式）,9050,サービス業,10,情報通信・サービスその他 
6176,ブランジスタ,グロース（内国株式）,9050,サービス業,10,情報通信・サービスその他 
6177,ＡｐｐＢａｎｋ,グロース（内国株式）,9050,サービス業,10,情報通信・サービスその他 
6180,ＧＭＯメディア,グロース（内国株式）,9050,サービス業,10,情報通信・サービスその他 
6181,タメニー,グロース（内国株式）,9050,サービス業,10,情報通信・サービスその他 
6182,メタリアル,グロース（内国株式）,9050,サービス業,10,情報通信・サービスその他 
6190,フェニックスバイオ,グロース（内国株式）,9050,サービス業,10,情報通信・サービスその他 
6192,ハイアス・アンド・カンパニー,グロース（内国株式）,9050,サービス業,10,情報通信・サービスその他 
6193,バーチャレクス・ホールディングス,グロース（内国株式）,9050,サービス業,10,情報通信・サービスその他 
6195,ホープ,グロース（内国株式）,9050,サービス業,10,情報通信・サービスその他 
6198,キャリア,グロース（内国株式）,9050,サービス業,10,情報通信・サービスその他 
6232,ＡＣＳＬ,グロース（内国株式）,3600,機械,8,機械 
6255,エヌ・ピー・シー,グロース（内国株式）,3600,機械,8,機械 
6521,オキサイド,グロース（内国株式）,3650,電気機器,9,電機・精密 
6522,アスタリスク,グロース（内国株式）,3650,電気機器,9,電機・精密 
6537,ＷＡＳＨハウス,グロース（内国株式）,9050,サービス業,10,情報通信・サービスその他 
6545,インターネットインフィニティー,グロース（内国株式）,9050,サービス業,10,情報通信・サービスその他 
6548,旅工房,グロース（内国株式）,9050,サービス業,10,情報通信・サービスその他 
6550,Ｕｎｉｐｏｓ,グロース（内国株式）,9050,サービス業,10,情報通信・サービスその他 
6554,エスユーエス,グロース（内国株式）,9050,サービス業,10,情報通信・サービスその他 
6557,ＡＩＡＩグループ,グロース（内国株式）,9050,サービス業,10,情報通信・サービスその他 
6558,クックビズ,グロース（内国株式）,9050,サービス業,10,情報通信・サービスその他 
6561,ＨＡＮＡＴＯＵＲ　ＪＡＰＡＮ,グロース（内国株式）,9050,サービス業,10,情報通信・サービスその他 
6562,ジーニー,グロース（内国株式）,9050,サービス業,10,情報通信・サービスその他 
6563,みらいワークス,グロース（内国株式）,9050,サービス業,10,情報通信・サービスその他 
6567,ＳＥＲＩＯホールディングス,グロース（内国株式）,9050,サービス業,10,情報通信・サービスその他 
6568,神戸天然物化学,グロース（内国株式）,9050,サービス業,10,情報通信・サービスその他 
6573,アジャイルメディア・ネットワーク,グロース（内国株式）,9050,サービス業,10,情報通信・サービスその他 
6574,コンヴァノ,グロース（内国株式）,9050,サービス業,10,情報通信・サービスその他 
6577,ベストワンドットコム,グロース（内国株式）,9050,サービス業,10,情報通信・サービスその他 
6579,ログリー,グロース（内国株式）,9050,サービス業,10,情報通信・サービスその他 
6580,ライトアップ,グロース（内国株式）,9050,サービス業,10,情報通信・サービスその他 
6597,ＨＰＣシステムズ,グロース（内国株式）,3650,電気機器,9,電機・精密 
6612,バルミューダ,グロース（内国株式）,3650,電気機器,9,電機・精密 
6613,ＱＤレーザ,グロース（内国株式）,3650,電気機器,9,電機・精密 
6618,大泉製作所,グロース（内国株式）,3650,電気機器,9,電機・精密 
6696,トラース・オン・プロダクト,グロース（内国株式）,3650,電気機器,9,電機・精密 
7031,インバウンドテック,グロース（内国株式）,9050,サービス業,10,情報通信・サービスその他 
7036,イーエムネットジャパン,グロース（内国株式）,9050,サービス業,10,情報通信・サービスその他 
7039,ブリッジインターナショナル,グロース（内国株式）,9050,サービス業,10,情報通信・サービスその他 
7041,ＣＲＧホールディングス,グロース（内国株式）,9050,サービス業,10,情報通信・サービスその他 
7043,アルー,グロース（内国株式）,9050,サービス業,10,情報通信・サービスその他 
7046,ＴＤＳＥ,グロース（内国株式）,9050,サービス業,10,情報通信・サービスその他 
7047,ポート,グロース（内国株式）,9050,サービス業,10,情報通信・サービスその他 
7048,ベルトラ,グロース（内国株式）,9050,サービス業,10,情報通信・サービスその他 
7049,識学,グロース（内国株式）,9050,サービス業,10,情報通信・サービスその他 
7050,フロンティアインターナショナル,グロース（内国株式）,9050,サービス業,10,情報通信・サービスその他 
7061,日本ホスピスホールディングス,グロース（内国株式）,9050,サービス業,10,情報通信・サービスその他 
7062,フレアス,グロース（内国株式）,9050,サービス業,10,情報通信・サービスその他 
7063,Ｂｉｒｄｍａｎ,グロース（内国株式）,9050,サービス業,10,情報通信・サービスその他 
7064,ハウテレビジョン,グロース（内国株式）,9050,サービス業,10,情報通信・サービスその他 
7066,ピアズ,グロース（内国株式）,9050,サービス業,10,情報通信・サービスその他 
7067,ブランディングテクノロジー,グロース（内国株式）,9050,サービス業,10,情報通信・サービスその他 
7068,フィードフォースグループ,グロース（内国株式）,9050,サービス業,10,情報通信・サービスその他 
7069,サイバー・バズ,グロース（内国株式）,9050,サービス業,10,情報通信・サービスその他 
7070,ＳＩホールディングス,グロース（内国株式）,9050,サービス業,10,情報通信・サービスその他 
7072,インティメート・マージャー,グロース（内国株式）,9050,サービス業,10,情報通信・サービスその他 
7073,ジェイック,グロース（内国株式）,9050,サービス業,10,情報通信・サービスその他 
7074,トゥエンティーフォーセブン,グロース（内国株式）,9050,サービス業,10,情報通信・サービスその他 
7077,ＡＬｉＮＫインターネット,グロース（内国株式）,9050,サービス業,10,情報通信・サービスその他 
7078,ＩＮＣＬＵＳＩＶＥ,グロース（内国株式）,9050,サービス業,10,情報通信・サービスその他 
7079,ＷＤＢココ,グロース（内国株式）,9050,サービス業,10,情報通信・サービスその他 
7080,スポーツフィールド,グロース（内国株式）,9050,サービス業,10,情報通信・サービスその他 
7082,ジモティー,グロース（内国株式）,9050,サービス業,10,情報通信・サービスその他 
7083,ＡＨＣグループ,グロース（内国株式）,9050,サービス業,10,情報通信・サービスその他 
7084,Ｋｉｄｓ　Ｓｍｉｌｅ　Ｈｏｌｄｉｎｇｓ,グロース（内国株式）,9050,サービス業,10,情報通信・サービスその他 
7086,きずなホールディングス,グロース（内国株式）,9050,サービス業,10,情報通信・サービスその他 
7089,フォースタートアップス,グロース（内国株式）,9050,サービス業,10,情報通信・サービスその他 
7090,リグア,グロース（内国株式）,9050,サービス業,10,情報通信・サービスその他 
7091,リビングプラットフォーム,グロース（内国株式）,9050,サービス業,10,情報通信・サービスその他 
7093,アディッシュ,グロース（内国株式）,9050,サービス業,10,情報通信・サービスその他 
7094,ＮｅｘＴｏｎｅ,グロース（内国株式）,9050,サービス業,10,情報通信・サービスその他 
7095,Ｍａｃｂｅｅ　Ｐｌａｎｅｔ,グロース（内国株式）,9050,サービス業,10,情報通信・サービスその他 
7096,ステムセル研究所,グロース（内国株式）,9050,サービス業,10,情報通信・サービスその他 
7097,さくらさくプラス,グロース（内国株式）,9050,サービス業,10,情報通信・サービスその他 
7133,ＨＹＵＧＡ　ＰＲＩＭＡＲＹ　ＣＡＲＥ,グロース（内国株式）,6100,小売業,14,小売 
7138,ＴＯＲＩＣＯ,グロース（内国株式）,6100,小売業,14,小売 
7140,ペットゴー,グロース（内国株式）,6100,小売業,14,小売 
7157,ライフネット生命保険,グロース（内国株式）,7150,保険業,16,金融（除く銀行） 
7317,松屋アールアンドディ,グロース（内国株式）,3700,輸送用機器,6,自動車・輸送機 
7318,セレンディップ・ホールディングス,グロース（内国株式）,3700,輸送用機器,6,自動車・輸送機 
7320,日本リビング保証,グロース（内国株式）,7200,その他金融業,16,金融（除く銀行） 
7325,アイリックコーポレーション,グロース（内国株式）,7150,保険業,16,金融（除く銀行） 
7326,ＳＢＩインシュアランスグループ,グロース（内国株式）,7150,保険業,16,金融（除く銀行） 
7339,アイペットホールディングス,グロース（内国株式）,7150,保険業,16,金融（除く銀行） 
7342,ウェルスナビ,グロース（内国株式）,7100,証券、商品先物取引業,16,金融（除く銀行） 
7343,ブロードマインド,グロース（内国株式）,7150,保険業,16,金融（除く銀行） 
7345,アイ・パートナーズフィナンシャル,グロース（内国株式）,7200,その他金融業,16,金融（除く銀行） 
7351,グッドパッチ,グロース（内国株式）,9050,サービス業,10,情報通信・サービスその他 
7352,Ｂｒａｎｄｉｎｇ　Ｅｎｇｉｎｅｅｒ,グロース（内国株式）,9050,サービス業,10,情報通信・サービスその他 
7353,ＫＩＹＯラーニング,グロース（内国株式）,9050,サービス業,10,情報通信・サービスその他 
7356,Ｒｅｔｔｙ,グロース（内国株式）,9050,サービス業,10,情報通信・サービスその他 
7359,東京通信,グロース（内国株式）,9050,サービス業,10,情報通信・サービスその他 
7360,オンデック,グロース（内国株式）,9050,サービス業,10,情報通信・サービスその他 
7361,ヒューマンクリエイションホールディングス,グロース（内国株式）,9050,サービス業,10,情報通信・サービスその他 
7362,Ｔ．Ｓ．Ｉ,グロース（内国株式）,9050,サービス業,10,情報通信・サービスその他 
7363,ベビーカレンダー,グロース（内国株式）,9050,サービス業,10,情報通信・サービスその他 
7369,メイホーホールディングス,グロース（内国株式）,9050,サービス業,10,情報通信・サービスその他 
7370,Ｅｎｊｉｎ,グロース（内国株式）,9050,サービス業,10,情報通信・サービスその他 
7371,全研本社,グロース（内国株式）,9050,サービス業,10,情報通信・サービスその他 
7372,デコルテ・ホールディングス,グロース（内国株式）,9050,サービス業,10,情報通信・サービスその他 
7373,アイドマ・ホールディングス,グロース（内国株式）,9050,サービス業,10,情報通信・サービスその他 
7374,コンフィデンス,グロース（内国株式）,9050,サービス業,10,情報通信・サービスその他 
7375,リファインバースグループ,グロース（内国株式）,9050,サービス業,10,情報通信・サービスその他 
7376,ＢＣＣ,グロース（内国株式）,9050,サービス業,10,情報通信・サービスその他 
7378,アシロ,グロース（内国株式）,9050,サービス業,10,情報通信・サービスその他 
7379,サーキュレーション,グロース（内国株式）,9050,サービス業,10,情報通信・サービスその他 
7386,ジャパンワランティサポート,グロース（内国株式）,7200,その他金融業,16,金融（除く銀行） 
7671,ＡｍｉｄＡホールディングス,グロース（内国株式）,6100,小売業,14,小売 
7674,ＮＡＴＴＹ　ＳＷＡＮＫＹホールディングス,グロース（内国株式）,6100,小売業,14,小売 
7676,グッドスピード,グロース（内国株式）,6100,小売業,14,小売 
7683,ダブルエー,グロース（内国株式）,6100,小売業,14,小売 
7685,ＢｕｙＳｅｌｌ　Ｔｅｃｈｎｏｌｏｇｉｅｓ,グロース（内国株式）,6050,卸売業,13,商社・卸売 
7687,ミクリード,グロース（内国株式）,6050,卸売業,13,商社・卸売 
7689,コパ・コーポレーション,グロース（内国株式）,6050,卸売業,13,商社・卸売 
7694,いつも,グロース（内国株式）,6100,小売業,14,小売 
7695,交換できるくん,グロース（内国株式）,6100,小売業,14,小売 
7707,プレシジョン・システム・サイエンス,グロース（内国株式）,3750,精密機器,9,電機・精密 
7774,ジャパン・ティッシュ・エンジニアリング,グロース（内国株式）,3750,精密機器,9,電機・精密 
7776,セルシード,グロース（内国株式）,3750,精密機器,9,電機・精密 
7777,スリー・ディー・マトリックス,グロース（内国株式）,3750,精密機器,9,電機・精密 
7779,ＣＹＢＥＲＤＹＮＥ,グロース（内国株式）,3750,精密機器,9,電機・精密 
7792,コラントッテ,グロース（内国株式）,3800,その他製品,10,情報通信・サービスその他 
7793,イメージ・マジック,グロース（内国株式）,3800,その他製品,10,情報通信・サービスその他 
7794,イーディーピー,グロース（内国株式）,3800,その他製品,10,情報通信・サービスその他 
7803,ブシロード,グロース（内国株式）,3800,その他製品,10,情報通信・サービスその他 
7806,ＭＴＧ,グロース（内国株式）,3800,その他製品,10,情報通信・サービスその他 
7813,プラッツ,グロース（内国株式）,3800,その他製品,10,情報通信・サービスその他 
7829,サマンサタバサジャパンリミテッド,グロース（内国株式）,3800,その他製品,10,情報通信・サービスその他 
8938,グローム・ホールディングス,グロース（内国株式）,8050,不動産業,17,不動産 
9211,エフ・コード,グロース（内国株式）,9050,サービス業,10,情報通信・サービスその他 
9212,Ｇｒｅｅｎ　Ｅａｒｔｈ　Ｉｎｓｔｉｔｕｔｅ,グロース（内国株式）,9050,サービス業,10,情報通信・サービスその他 
9214,Ｒｅｃｏｖｅｒｙ　Ｉｎｔｅｒｎａｔｉｏｎａｌ,グロース（内国株式）,9050,サービス業,10,情報通信・サービスその他 
9215,ＣａＳｙ,グロース（内国株式）,9050,サービス業,10,情報通信・サービスその他 
9218,メンタルヘルステクノロジーズ,グロース（内国株式）,9050,サービス業,10,情報通信・サービスその他 
9219,ギックス,グロース（内国株式）,9050,サービス業,10,情報通信・サービスその他 
9227,マイクロ波化学,グロース（内国株式）,9050,サービス業,10,情報通信・サービスその他 
9229,サンウェルズ,グロース（内国株式）,9050,サービス業,10,情報通信・サービスその他 
9240,デリバリーコンサルティング,グロース（内国株式）,9050,サービス業,10,情報通信・サービスその他 
9241,フューチャーリンクネットワーク,グロース（内国株式）,9050,サービス業,10,情報通信・サービスその他 
9242,メディア総研,グロース（内国株式）,9050,サービス業,10,情報通信・サービスその他 
9244,デジタリフト,グロース（内国株式）,9050,サービス業,10,情報通信・サービスその他 
9245,リベロ,グロース（内国株式）,9050,サービス業,10,情報通信・サービスその他 
9246,プロジェクトカンパニー,グロース（内国株式）,9050,サービス業,10,情報通信・サービスその他 
9250,ＧＲＣＳ,グロース（内国株式）,9050,サービス業,10,情報通信・サービスその他 
9251,ＡＢ＆Ｃｏｍｐａｎｙ,グロース（内国株式）,9050,サービス業,10,情報通信・サービスその他 
9252,ラストワンマイル,グロース（内国株式）,9050,サービス業,10,情報通信・サービスその他 
9253,スローガン,グロース（内国株式）,9050,サービス業,10,情報通信・サービスその他 
9254,ラバブルマーケティンググループ,グロース（内国株式）,9050,サービス業,10,情報通信・サービスその他 
9256,サクシード,グロース（内国株式）,9050,サービス業,10,情報通信・サービスその他 
9258,ＣＳ−Ｃ,グロース（内国株式）,9050,サービス業,10,情報通信・サービスその他 
9259,タカヨシ,グロース（内国株式）,9050,サービス業,10,情報通信・サービスその他 
9270,バリュエンスホールディングス,グロース（内国株式）,6050,卸売業,13,商社・卸売 
9271,和心,グロース（内国株式）,6100,小売業,14,小売 
9272,ブティックス,グロース（内国株式）,9050,サービス業,10,情報通信・サービスその他 
9326,関通,グロース（内国株式）,5200,倉庫・運輸関連業,12,運輸・物流 
9467,アルファポリス,グロース（内国株式）,5250,情報・通信業,10,情報通信・サービスその他 
9522,リニューアブル・ジャパン,グロース（内国株式）,4050,電気・ガス業,11,電力・ガス 
9552,Ｍ＆Ａ総合研究所,グロース（内国株式）,9050,サービス業,10,情報通信・サービスその他 
9553,マイクロアド,グロース（内国株式）,9050,サービス業,10,情報通信・サービスその他 
9554,ＡＶｉＣ,グロース（内国株式）,9050,サービス業,10,情報通信・サービスその他 
